date,equity
2016-01-04,100000.0
2016-01-04,100000.0
2016-01-05,99996.38072942145
2016-01-06,100031.83796870628
2016-01-07,99966.08103922008
2016-01-08,99992.13841102582
2016-01-11,100049.01325731017
2016-01-12,99999.68346123022
2016-01-13,100215.81460210614
2016-01-14,100212.14031022204
2016-01-15,99549.40601392169
2016-01-19,99272.7302485285
2016-01-20,99369.7146057644
2016-01-21,99045.18341949013
2016-01-22,99440.26118591517
2016-01-25,99720.86399728643
2016-01-26,99588.41693719673
2016-01-27,99752.93485283552
2016-01-28,99758.3436856266
2016-01-29,99615.20859462248
2016-02-01,100065.29706406376
2016-02-02,100028.8418553088
2016-02-03,99598.95401053596
2016-02-04,99582.4836471395
2016-02-05,99930.26805275613
2016-02-08,99950.69848844896
2016-02-09,99693.81201551824
2016-02-10,99648.56786746628
2016-02-11,99308.43741864874
2016-02-12,99102.02360482693
2016-02-16,99797.32386961396
2016-02-17,101209.81438340723
2016-02-18,102442.05278721289
2016-02-19,102874.39276191473
2016-02-22,102860.04898836701
2016-02-23,103635.26052986186
2016-02-24,102885.85791395276
2016-02-25,102687.52465870527
2016-02-26,102699.45258834791
2016-02-29,102718.6707910309
2016-03-01,102693.25718939403
2016-03-02,102754.88227028861
2016-03-03,102692.22022717135
2016-03-04,103028.9437841313
2016-03-07,102717.20106747886
2016-03-08,102509.09633665382
2016-03-09,102043.06378315284
2016-03-10,101898.51325680186
2016-03-11,102015.16233944491
2016-03-14,102624.50754726291
2016-03-15,102604.35348980859
2016-03-16,102498.92484769049
2016-03-17,102768.92983018626
2016-03-18,103377.22250978027
2016-03-21,103792.49569332623
2016-03-22,103785.4183367896
2016-03-23,103860.91186118712
2016-03-24,103770.42572017333
2016-03-28,103860.56868222918
2016-03-29,103875.54902641648
2016-03-30,104593.65184206323
2016-03-31,104982.35593225987
2016-04-01,104778.00863073868
2016-04-04,104922.30704398506
2016-04-05,104598.17784718744
2016-04-06,104451.86354911744
2016-04-07,104360.29626299629
2016-04-08,104056.3467143187
2016-04-11,103950.67169792857
2016-04-12,104015.99421440453
2016-04-13,104085.48440999142
2016-04-14,104444.08761324757
2016-04-15,104735.88646243274
2016-04-18,102486.2261384918
2016-04-19,102380.28639306904
2016-04-20,102489.88908063859
2016-04-21,102684.33850667521
2016-04-22,102219.00915524187
2016-04-25,101768.89391353563
2016-04-26,101782.73704705396
2016-04-27,101621.10029113278
2016-04-28,101597.44380614365
2016-04-29,101344.84119975725
2016-05-02,101281.02228833499
2016-05-03,101367.97136919544
2016-05-04,101046.37782299513
2016-05-05,100927.13301967281
2016-05-06,100860.41854558905
2016-05-09,101043.72122244837
2016-05-10,101001.35495988172
2016-05-11,101411.13416127053
2016-05-12,101248.74743898824
2016-05-13,100236.9597925581
2016-05-16,101235.865964759
2016-05-17,101841.17385719244
2016-05-18,101292.78879797552
2016-05-19,101606.52693076996
2016-05-20,101540.05730903745
2016-05-23,102074.13075468026
2016-05-24,102111.34389977567
2016-05-25,102565.39812830553
2016-05-26,102779.52600907092
2016-05-27,102989.89101623718
2016-05-31,103064.64671496014
2016-06-01,103267.59411332887
2016-06-02,103200.98146113838
2016-06-03,103183.85306159972
2016-06-06,102934.65244630753
2016-06-07,103142.13058065188
2016-06-08,102911.98891772494
2016-06-09,102961.44953038872
2016-06-10,103054.8908550516
2016-06-13,102852.45003574742
2016-06-14,102498.13420440798
2016-06-15,103040.50133304864
2016-06-16,103190.3901255499
2016-06-17,103135.45740100043
2016-06-20,102701.32580401337
2016-06-21,103157.84346874582
2016-06-22,103146.67006113162
2016-06-23,103268.31359954302
2016-06-24,103783.91017418544
2016-06-27,101691.35568804495
2016-06-28,101014.43728778456
2016-06-29,100824.65934006158
2016-06-30,100996.82223328705
2016-07-01,102004.86113339305
2016-07-05,101876.90490115221
2016-07-06,101517.61500989973
2016-07-07,101700.64525064704
2016-07-08,102175.80318830493
2016-07-11,102735.61001363496
2016-07-12,102999.26604722481
2016-07-13,103502.84167772444
2016-07-14,103455.45318755439
2016-07-15,103606.6255436615
2016-07-18,103525.91688563052
2016-07-19,103758.55883823671
2016-07-20,101690.35472843319
2016-07-21,102373.2644473506
2016-07-22,102374.67853327366
2016-07-25,102640.1027461331
2016-07-26,102786.94245245346
2016-07-27,103119.37221371217
2016-07-28,103093.86030324196
2016-07-29,103285.32604151148
2016-08-01,103378.97272782377
2016-08-02,103306.91677049726
2016-08-03,102830.97922659335
2016-08-04,102838.11660047177
2016-08-05,102791.04054079145
2016-08-08,103459.04169410435
2016-08-09,103558.00798006731
2016-08-10,103509.16749566467
2016-08-11,103363.9796414845
2016-08-12,103625.36398660064
2016-08-15,104141.89501295541
2016-08-16,104183.02005319942
2016-08-17,104059.66023046314
2016-08-18,103730.79860896338
2016-08-19,103997.6981474552
2016-08-22,104007.88732979115
2016-08-23,103980.2331757942
2016-08-24,104254.92806204464
2016-08-25,104277.54241519334
2016-08-26,104204.76074623148
2016-08-29,104070.04468144028
2016-08-30,104044.54877587389
2016-08-31,104221.11685089082
2016-09-01,104213.34516103966
2016-09-02,104229.81303193486
2016-09-06,104186.7150533692
2016-09-07,104230.1817780846
2016-09-08,104070.86404410904
2016-09-09,103637.04596550926
2016-09-12,102401.72176312219
2016-09-13,103056.91599481748
2016-09-14,102936.20963002366
2016-09-15,103534.12919691409
2016-09-16,104425.27464255656
2016-09-19,104263.67267874462
2016-09-20,104373.4770912574
2016-09-21,104452.48465125068
2016-09-22,104469.70978314447
2016-09-23,105353.7561457614
2016-09-26,105139.22042314253
2016-09-27,105142.83987706837
2016-09-28,105053.15765640142
2016-09-29,105003.30514417747
2016-09-30,104834.65622962207
2016-10-03,105002.6145889367
2016-10-04,104923.51526413749
2016-10-05,104623.54824477795
2016-10-06,104749.97863551836
2016-10-07,104653.60736820941
2016-10-10,104328.74164361318
2016-10-11,104783.32601219168
2016-10-12,104299.51480295896
2016-10-13,104298.96829022336
2016-10-14,103976.28076856161
2016-10-17,104131.25496041832
2016-10-18,104216.10938822557
2016-10-19,104449.96366030083
2016-10-20,104514.80997330465
2016-10-21,104578.87667823098
2016-10-24,104464.4463101838
2016-10-25,105238.55348841962
2016-10-26,105539.6290563989
2016-10-27,105571.15311047963
2016-10-28,105131.78652474529
2016-10-31,105149.48283374685
2016-11-01,105134.90394349163
2016-11-02,104551.3742888749
2016-11-03,104570.72995749614
2016-11-04,104396.57371152443
2016-11-07,104313.45815029087
2016-11-08,104527.10845447096
2016-11-09,104507.04459765468
2016-11-10,104640.06682900891
2016-11-11,105117.13303463906
2016-11-14,106097.59769797411
2016-11-15,105745.9478991803
2016-11-16,106092.25423415199
2016-11-17,106539.44930484903
2016-11-18,107053.5969559566
2016-11-21,107205.57890146648
2016-11-22,107362.59990149827
2016-11-23,107665.18936571393
2016-11-25,107577.86466486109
2016-11-28,107606.29827816681
2016-11-29,107248.80866624834
2016-11-30,107197.62810828774
2016-12-01,107252.79544127017
2016-12-02,106616.0803172758
2016-12-05,106727.73811426888
2016-12-06,106899.8825943905
2016-12-07,107147.56697992027
2016-12-08,107349.88361046236
2016-12-09,108058.75387876775
2016-12-12,107838.45565408855
2016-12-13,107441.42854892745
2016-12-14,107930.62116088289
2016-12-15,107794.28306260584
2016-12-16,108113.83737125457
2016-12-19,108286.90794784362
2016-12-20,108408.23189403303
2016-12-21,108675.9636315602
2016-12-22,108492.56556499813
2016-12-23,108598.86563718226
2016-12-27,108817.6630284451
2016-12-28,109512.83897623562
2016-12-29,109018.41697802441
2016-12-30,108981.95936257536
2017-01-03,108458.35095274873
2017-01-04,108395.1780143697
2017-01-05,108616.20464407145
2017-01-06,108526.42333357548
2017-01-09,108523.96493586252
2017-01-10,108551.92156121426
2017-01-11,108584.09815148209
2017-01-12,108576.12580014275
2017-01-13,108459.74464660394
2017-01-17,108560.83283404287
2017-01-18,108524.88719022674
2017-01-19,108517.81059189454
2017-01-20,108467.55467063708
2017-01-23,108618.06567035963
2017-01-24,108690.0069531018
2017-01-25,108945.25127428366
2017-01-26,109491.60587321939
2017-01-27,109786.72682006797
2017-01-30,109522.17488816858
2017-01-31,109310.88796599826
2017-02-01,109336.90625128166
2017-02-02,109668.8308070483
2017-02-03,109969.3425328714
2017-02-06,110048.60266094418
2017-02-07,110409.06243082287
2017-02-08,110703.17228533214
2017-02-09,110678.00727289352
2017-02-10,110594.50018686299
2017-02-13,110397.86166473205
2017-02-14,110075.1795469211
2017-02-15,110343.55476129215
2017-02-16,110362.2760588646
2017-02-17,110414.36702505322
2017-02-21,110528.46315725817
2017-02-22,111077.88177904833
2017-02-23,111050.81426045386
2017-02-24,110093.24791375922
2017-02-27,110135.83909637641
2017-02-28,110067.2401977246
2017-03-01,110173.32440965356
2017-03-02,110251.46651520733
2017-03-03,110037.18802931572
2017-03-06,109574.31640615352
2017-03-07,109439.31814604436
2017-03-08,109496.67834154752
2017-03-09,109625.03260996708
2017-03-10,109180.87167083097
2017-03-13,109429.94676692414
2017-03-14,109680.9562283449
2017-03-15,109668.36810525277
2017-03-16,109765.61221642597
2017-03-17,110194.11604678753
2017-03-20,110367.3710694131
2017-03-21,110884.84200231837
2017-03-22,110169.04367902657
2017-03-23,110369.26953290342
2017-03-24,110632.45966907177
2017-03-27,110767.21979782618
2017-03-28,110780.65699406818
2017-03-29,111015.31533380684
2017-03-30,110992.0090928948
2017-03-31,111073.03034541718
2017-04-03,110963.08694891189
2017-04-04,110832.27858410277
2017-04-05,110717.3549364749
2017-04-06,110892.0810249463
2017-04-07,110641.33327493255
2017-04-10,110653.90385275042
2017-04-11,110571.23455727089
2017-04-12,110536.67501067015
2017-04-13,110215.75368225588
2017-04-17,109928.20971256177
2017-04-18,110279.3511739589
2017-04-19,109911.9125549958
2017-04-20,110179.41536576944
2017-04-21,110449.90626431735
2017-04-24,110535.4663240661
2017-04-25,111117.94603154306
2017-04-26,111510.18374901637
2017-04-27,111468.06505431043
2017-04-28,111494.99584283098
2017-05-01,111405.29796640444
2017-05-02,111571.42402771211
2017-05-03,111161.34875559696
2017-05-04,111003.05603440946
2017-05-05,111134.53051112338
2017-05-08,111347.03652710955
2017-05-09,111350.1741972183
2017-05-10,111382.72895735309
2017-05-11,112953.87268911411
2017-05-12,113759.4532948708
2017-05-15,114106.21368333817
2017-05-16,114625.3893707037
2017-05-17,115063.901378986
2017-05-18,113955.15347626086
2017-05-19,113849.18985317573
2017-05-22,114320.21310732553
2017-05-23,114705.4373130193
2017-05-24,114580.96147811541
2017-05-25,114602.39935742517
2017-05-26,115063.33103529557
2017-05-30,115313.89168831805
2017-05-31,115536.25345300818
2017-06-01,115460.47044369287
2017-06-02,115509.17257948754
2017-06-05,116010.70855071643
2017-06-06,115806.14213772518
2017-06-07,115636.5394957801
2017-06-08,115664.93312490993
2017-06-09,116902.30115893939
2017-06-12,115974.99722770658
2017-06-13,116019.86337944325
2017-06-14,116235.5939077937
2017-06-15,116272.19895177812
2017-06-16,115839.54292033831
2017-06-19,116027.75370108351
2017-06-20,116197.18603044844
2017-06-21,116052.53412565077
2017-06-22,116076.29301854863
2017-06-23,115953.55958078758
2017-06-26,116042.596574673
2017-06-27,115620.11850310038
2017-06-28,114434.04037784063
2017-06-29,114459.61071036386
2017-06-30,114306.73009434674
2017-07-03,114519.81689007356
2017-07-05,114341.02894706836
2017-07-06,114200.02100929192
2017-07-07,113892.43691027982
2017-07-10,114260.28440247898
2017-07-11,114389.43561600405
2017-07-12,114789.97866544525
2017-07-13,115526.32831636618
2017-07-14,116309.02347644264
2017-07-17,117037.79590380867
2017-07-18,116901.04771562663
2017-07-19,117158.5581372602
2017-07-20,117312.81553079105
2017-07-21,117741.82783161203
2017-07-24,117155.58132795533
2017-07-25,116965.87575393362
2017-07-26,117583.24243713534
2017-07-27,117751.55931785933
2017-07-28,117519.71346814187
2017-07-31,117458.38851869012
2017-08-01,117419.40914263764
2017-08-02,117587.28723182522
2017-08-03,118003.44252222445
2017-08-04,117887.91817365936
2017-08-07,118041.15453176992
2017-08-08,118520.43149951729
2017-08-09,118283.61805555265
2017-08-10,118282.59664599711
2017-08-11,117442.2270694232
2017-08-14,117129.66880141593
2017-08-15,118254.00188504576
2017-08-16,118087.94519977558
2017-08-17,118242.85089432995
2017-08-18,117136.96954353532
2017-08-21,117096.78489060755
2017-08-22,116850.18349214549
2017-08-23,117193.08321986708
2017-08-24,117492.46172474921
2017-08-25,117481.02202241312
2017-08-28,117500.41226817237
2017-08-29,117479.52210744566
2017-08-30,117516.98147595947
2017-08-31,117747.68503841013
2017-09-01,118280.20929668052
2017-09-05,118176.14254093202
2017-09-06,117777.31044795882
2017-09-07,117751.50426916561
2017-09-08,117812.4644667875
2017-09-11,117392.9605917907
2017-09-12,117469.24195916535
2017-09-13,117494.68391450109
2017-09-14,117423.97918169951
2017-09-15,117273.97967451831
2017-09-18,117245.6791151161
2017-09-19,116891.14623354108
2017-09-20,116779.1685695322
2017-09-21,116747.42965273382
2017-09-22,116471.03492005641
2017-09-25,116716.43330516596
2017-09-26,115959.00288405543
2017-09-27,116182.07764637456
2017-09-28,116380.37095203718
2017-09-29,116558.47747503109
2017-10-02,116850.36660499897
2017-10-03,117524.52061721942
2017-10-04,117286.23874260622
2017-10-05,117431.4197843787
2017-10-06,117557.9963507915
2017-10-09,117513.31629082802
2017-10-10,117666.40168064111
2017-10-11,117774.83045616109
2017-10-12,117868.12705403243
2017-10-13,117952.19021176104
2017-10-16,118321.71499672595
2017-10-17,118516.84902138189
2017-10-18,118367.34640171574
2017-10-19,118389.13856455719
2017-10-20,118248.07623001316
2017-10-23,118607.58690538682
2017-10-24,118635.56794102678
2017-10-25,118801.6127979555
2017-10-26,118248.25138304925
2017-10-27,118228.45636113707
2017-10-30,118310.63105803475
2017-10-31,118530.71292828822
2017-11-01,118585.1658096436
2017-11-02,118311.66355448263
2017-11-03,118394.68729124895
2017-11-06,118772.54693120337
2017-11-07,119118.89146031243
2017-11-08,118796.32846287804
2017-11-09,118606.19475476336
2017-11-10,118409.17356085489
2017-11-13,118461.7457820418
2017-11-14,118458.54012112619
2017-11-15,118182.31744374706
2017-11-16,118213.5127418391
2017-11-17,118478.46917287407
2017-11-20,118499.46271665444
2017-11-21,119011.62254394457
2017-11-22,119448.62831949134
2017-11-24,119326.13951795289
2017-11-27,119378.71219529881
2017-11-28,119293.86672131924
2017-11-29,119266.98047529704
2017-11-30,119035.77290786096
2017-12-01,119157.7352172733
2017-12-04,119096.08700338933
2017-12-05,118928.48722346043
2017-12-06,118665.96130823685
2017-12-07,118640.00824668759
2017-12-08,118549.3092735169
2017-12-11,118518.89076435183
2017-12-12,118470.28184181885
2017-12-13,118131.9884283585
2017-12-14,118203.33306929357
2017-12-15,118117.34135745911
2017-12-18,118321.82137544762
2017-12-19,118978.15359686062
2017-12-20,118729.30585935555
2017-12-21,118393.54069797011
2017-12-22,118212.34857860632
2017-12-26,118169.4486485178
2017-12-27,118116.24120272198
2017-12-28,118169.1861463018
2017-12-29,118078.76825336629
2018-01-02,117975.99779873887
2018-01-03,118301.50075884194
2018-01-04,118911.41093103423
2018-01-05,119209.30541185825
2018-01-08,119427.00183541297
2018-01-09,119780.0936995247
2018-01-10,119477.94368994865
2018-01-11,119367.044074354
2018-01-12,119590.67536902142
2018-01-16,119555.84687321704
2018-01-17,119360.90674891206
2018-01-18,119355.61294866474
2018-01-19,119404.1504006478
2018-01-22,119433.88684870522
2018-01-23,119919.80972180955
2018-01-24,120052.4065293603
2018-01-25,120085.94912159431
2018-01-26,119339.00219450978
2018-01-29,120474.49626256037
2018-01-30,120627.11959506001
2018-01-31,120640.06021069306
2018-02-01,120123.79107737051
2018-02-02,119594.26237294251
2018-02-05,118873.14158037423
2018-02-06,117905.96628159253
2018-02-07,118539.792532134
2018-02-08,118640.22621380055
2018-02-09,115834.72533958967
2018-02-12,116763.78145534683
2018-02-13,116895.12833031829
2018-02-14,117134.17637074625
2018-02-15,117804.29370808348
2018-02-16,118846.74008931949
2018-02-20,118538.46411032371
2018-02-21,118688.81852605511
2018-02-22,118626.77844447571
2018-02-23,118203.34121582903
2018-02-26,118362.05006761754
2018-02-27,118820.44419136262
2018-02-28,118379.76987921084
2018-03-01,118382.43354323645
2018-03-02,118105.43834271599
2018-03-05,118186.35243994485
2018-03-06,118274.23299645244
2018-03-07,118663.40770474382
2018-03-08,118768.91781360481
2018-03-09,118704.23104754488
2018-03-12,119452.75023147237
2018-03-13,119425.9975156611
2018-03-14,119490.4747971386
2018-03-15,119522.67231714378
2018-03-16,119565.68191951502
2018-03-19,119583.01669067676
2018-03-20,119122.39002290118
2018-03-21,119138.06807691485
2018-03-22,119226.09484547212
2018-03-23,118115.14407273625
2018-03-26,117724.39322150202
2018-03-27,117685.53225851934
2018-03-28,115080.52727305968
2018-03-29,115046.15404051088
2018-04-02,115049.46429445864
2018-04-03,114313.68921228629
2018-04-04,114495.55237207448
2018-04-05,114838.5930059242
2018-04-06,115284.51969836414
2018-04-09,115236.02675466043
2018-04-10,115162.11470846302
2018-04-11,115456.53726818791
2018-04-12,115651.70715812276
2018-04-13,115996.82477135047
2018-04-16,115731.87355215059
2018-04-17,115844.48200285893
2018-04-18,116524.08345921233
2018-04-19,116410.51695752967
2018-04-20,115916.76169258363
2018-04-23,115750.99976674422
2018-04-24,115716.14400311824
2018-04-25,116002.78062466317
2018-04-26,115879.89198849657
2018-04-27,115850.76644399192
2018-04-30,115902.916260047
2018-05-01,114985.0604104741
2018-05-02,115092.18285319836
2018-05-03,115368.77500085082
2018-05-04,115630.68832542922
2018-05-07,118760.42344543332
2018-05-08,120461.70174061993
2018-05-09,120829.07207823178
2018-05-10,120768.1941093476
2018-05-11,121279.12120667656
2018-05-14,121097.32481156009
2018-05-15,121211.1732157939
2018-05-16,121285.17790323112
2018-05-17,121258.06656267417
2018-05-18,121299.24508229984
2018-05-21,121167.17487151262
2018-05-22,121276.12471281667
2018-05-23,121298.83467394678
2018-05-24,121391.68100845601
2018-05-25,121611.4263659121
2018-05-29,121563.8683321604
2018-05-30,121576.83237092261
2018-05-31,121582.9479754359
2018-06-01,121566.27072408592
2018-06-04,121576.29347432144
2018-06-05,121971.44305124308
2018-06-06,122331.97571871997
2018-06-07,122336.71666234545
2018-06-08,122266.33550790939
2018-06-11,122553.26802739257
2018-06-12,122612.17299264402
2018-06-13,123015.35226180032
2018-06-14,123067.28630916914
2018-06-15,122657.5546763554
2018-06-18,122269.07887831423
2018-06-19,122031.66357509808
2018-06-20,121755.16540540829
2018-06-21,122070.11262044223
2018-06-22,121361.24491711029
2018-06-25,120964.73326180906
2018-06-26,119617.44701853275
2018-06-27,119838.1562015505
2018-06-28,119529.85995905493
2018-06-29,119557.74110307122
2018-07-02,119661.34321156803
2018-07-03,119889.80672452212
2018-07-05,118882.7260828513
2018-07-06,119792.65639451434
2018-07-09,120085.52025636984
2018-07-10,120595.08522961021
2018-07-11,120796.29859408422
2018-07-12,120153.75190711292
2018-07-13,120355.76055769323
2018-07-16,120460.62348101402
2018-07-17,120475.36213820666
2018-07-18,120720.18636330051
2018-07-19,120618.39109334344
2018-07-20,120743.1550411376
2018-07-23,120402.39141065946
2018-07-24,120250.6162818083
2018-07-25,120366.16494848367
2018-07-26,120350.59720880474
2018-07-27,120528.87462069097
2018-07-30,120298.33232161845
2018-07-31,120270.98275214004
2018-08-01,120294.88712337331
2018-08-02,120306.100304196
2018-08-03,121060.7178099468
2018-08-06,121091.02650812513
2018-08-07,121454.41840242974
2018-08-08,121506.33997302395
2018-08-09,121512.57338807991
2018-08-10,121707.0320414446
2018-08-13,121438.77700160298
2018-08-14,121572.28272012602
2018-08-15,121859.49192063144
2018-08-16,121471.46034989577
2018-08-17,121573.1804458592
2018-08-20,121228.48459065908
2018-08-21,121253.63628103278
2018-08-22,121621.48168871869
2018-08-23,122021.55674197104
2018-08-24,122155.50736629544
2018-08-27,122300.90540859365
2018-08-28,122616.70973992941
2018-08-29,122857.08709149025
2018-08-30,123365.10983815031
2018-08-31,123841.67594057947
2018-09-04,123796.2740035204
2018-09-05,123695.11518929512
2018-09-06,123414.07498411126
2018-09-07,123398.27687640776
2018-09-10,123466.02536827876
2018-09-11,123507.27684980303
2018-09-12,123873.8281538799
2018-09-13,123633.13479968219
2018-09-14,124324.74441187675
2018-09-17,124289.19017081069
2018-09-18,124484.68087264668
2018-09-19,124455.7775829696
2018-09-20,124486.29495959169
2018-09-21,124779.39049082628
2018-09-24,124377.67394316544
2018-09-25,124007.64207398445
2018-09-26,124899.45076314374
2018-09-27,124713.16297481404
2018-09-28,124743.28172893397
2018-10-01,124854.37326841257
2018-10-02,125057.25915368367
2018-10-03,124957.99344567902
2018-10-04,125181.89123426068
2018-10-05,119873.28236561762
2018-10-08,119573.2449824058
2018-10-09,120570.7938815679
2018-10-10,120127.16873214173
2018-10-11,119273.74676031641
2018-10-12,118897.1366219658
2018-10-15,119584.19924972783
2018-10-16,119634.30079203538
2018-10-17,119766.902051395
2018-10-18,119630.09053964014
2018-10-19,119685.26865259772
2018-10-22,119938.61342375391
2018-10-23,120182.36666953115
2018-10-24,120213.66544918537
2018-10-25,120029.6826528892
2018-10-26,120060.16168788097
2018-10-29,119905.82654876071
2018-10-30,119952.04232952488
2018-10-31,119812.44630483814
2018-11-01,120068.38048430558
2018-11-02,120743.66083892646
2018-11-05,120181.93314329567
2018-11-06,119447.66852404349
2018-11-07,119557.7977177141
2018-11-08,120169.31418568759
2018-11-09,119517.67477219182
2018-11-12,119285.550620756
2018-11-13,118150.94088346626
2018-11-14,118591.33391520359
2018-11-15,119221.87021961296
2018-11-16,119653.62191046431
2018-11-19,119340.97646259863
2018-11-20,116885.28176885389
2018-11-21,116945.19238408699
2018-11-23,116769.5893084635
2018-11-26,117242.52635225702
2018-11-27,117036.22663650454
2018-11-28,117301.15368880489
2018-11-29,117801.97452413719
2018-11-30,117712.83303741632
2018-12-03,118564.25507301283
2018-12-04,119326.82255026374
2018-12-06,117211.25624371135
2018-12-07,118064.03491430802
2018-12-10,118287.86751155133
2018-12-11,118293.093486425
2018-12-12,118259.33479720124
2018-12-13,118373.45171232514
2018-12-14,117871.80914796793
2018-12-17,117484.09828925625
2018-12-18,117010.90297403085
2018-12-19,117029.7981442707
2018-12-20,117013.37172516072
2018-12-21,116709.16500447349
2018-12-24,117148.95664745418
2018-12-26,117429.47134804977
2018-12-27,117345.09912874665
2018-12-28,117424.73088463445
2018-12-31,117529.42103484587
2019-01-02,118124.26759558172
2019-01-03,118281.79193196027
2019-01-04,118423.1518667693
2019-01-07,118244.05335724964
2019-01-08,118705.57914082355
2019-01-09,118403.37685751778
2019-01-10,118832.83051373348
2019-01-11,119442.12168325477
2019-01-14,119463.99309754882
2019-01-15,119526.48257127247
2019-01-16,119385.53725492608
2019-01-17,119453.08238225323
2019-01-18,119431.62773724919
2019-01-22,120275.17512878719
2019-01-23,119052.15827574971
2019-01-24,119250.27127193773
2019-01-25,119198.41423709778
2019-01-28,119739.38636904545
2019-01-29,117980.42719650394
2019-01-30,117725.14201345513
2019-01-31,117667.93851082106
2019-02-01,118290.97506611486
2019-02-04,118398.59604954829
2019-02-05,118646.02406482342
2019-02-06,119255.4879330988
2019-02-07,119266.23301099589
2019-02-08,118318.03004277727
2019-02-11,118491.81456799654
2019-02-12,118416.69461399375
2019-02-13,119252.82447426041
2019-02-14,119554.05497199277
2019-02-15,119583.46780010547
2019-02-19,121913.83964481116
2019-02-20,122036.82966408272
2019-02-21,121712.30532484115
2019-02-22,121593.70808241447
2019-02-25,122031.08758306428
2019-02-26,122155.45940683558
2019-02-27,122135.44680372908
2019-02-28,121995.99275539874
2019-03-01,121950.48683277403
2019-03-04,122023.09426456556
2019-03-05,122005.7466811933
2019-03-06,122011.71424428745
2019-03-07,121570.09541075493
2019-03-08,121044.16925600624
2019-03-11,121276.0935092401
2019-03-12,122021.22556833946
2019-03-13,122301.20430109916
2019-03-14,122709.37136535616
2019-03-15,122459.10419122895
2019-03-18,122933.3814432128
2019-03-19,123019.13852609144
2019-03-20,123441.38795814668
2019-03-21,123595.74599143183
2019-03-22,124116.41097718565
2019-03-25,123192.42806101262
2019-03-26,123170.06379151647
2019-03-27,123339.87796602835
2019-03-28,123399.5490915344
2019-03-29,123487.24203031468
2019-04-01,123482.03172045328
2019-04-02,124290.74112285924
2019-04-03,124640.8112654077
2019-04-04,125737.6656643121
2019-04-05,125464.37240681172
2019-04-08,125834.17002495825
2019-04-09,126014.53448087556
2019-04-10,125804.17092033691
2019-04-11,125907.51342281571
2019-04-12,125921.37016572048
2019-04-15,125796.75422437089
2019-04-16,125544.0227699485
2019-04-17,125774.62592247609
2019-04-18,125782.98475309723
2019-04-22,125777.14106318918
2019-04-23,126074.78453730892
2019-04-24,126651.82738144277
2019-04-25,126577.78358614768
2019-04-26,126661.33033420151
2019-04-29,126650.48167617354
2019-04-30,126747.87029912345
2019-05-01,126734.96338393728
2019-05-02,126989.53036777962
2019-05-03,126347.47888369541
2019-05-06,126616.64979624248
2019-05-07,126166.29254544072
2019-05-08,124718.38924689997
2019-05-09,124899.29602106956
2019-05-10,124043.95346501665
2019-05-13,123270.432666728
2019-05-14,121720.0206754719
2019-05-15,121845.9309271802
2019-05-16,122214.56244917828
2019-05-17,122283.07005240156
2019-05-20,122136.2531057162
2019-05-21,122303.59209288601
2019-05-22,122435.9584168717
2019-05-23,122326.76833228453
2019-05-24,122066.20639077033
2019-05-28,122154.73777654867
2019-05-29,122268.48718681656
2019-05-30,122261.34420012926
2019-05-31,122455.02621982897
2019-06-03,122450.77075596896
2019-06-04,122293.95917774935
2019-06-05,122558.58475431037
2019-06-06,122480.49079826249
2019-06-07,123067.55268386661
2019-06-10,123709.44752486845
2019-06-11,124119.99043979812
2019-06-12,124385.94867642305
2019-06-13,123982.3933941644
2019-06-14,124113.47123197984
2019-06-17,123742.76345588994
2019-06-18,123987.67922338984
2019-06-19,125045.2721074055
2019-06-20,125012.85408612179
2019-06-21,125632.2947810095
2019-06-24,125622.1525253372
2019-06-25,125850.73053246379
2019-06-26,125563.1412005634
2019-06-27,125602.72585886935
2019-06-28,125640.72352290837
2019-07-01,125693.77380276522
2019-07-02,125863.0015718337
2019-07-03,125800.01722479193
2019-07-05,125821.99510261546
2019-07-08,125704.71877121503
2019-07-09,125362.63409276117
2019-07-10,125502.61379924341
2019-07-11,125678.03879346179
2019-07-12,126097.59244645773
2019-07-15,126069.79413109092
2019-07-16,126051.56003629934
2019-07-17,126079.87566583857
2019-07-18,126166.60925193739
2019-07-19,126140.34150687023
2019-07-22,126081.92856429148
2019-07-23,126785.21639703502
2019-07-24,126918.50379009813
2019-07-25,127192.33792028337
2019-07-26,126686.03292941983
2019-07-29,126930.82701994384
2019-07-30,126591.55472974258
2019-07-31,126535.73452384397
2019-08-01,126407.63020012759
2019-08-02,125501.17532346168
2019-08-05,125154.39244910791
2019-08-06,124609.34448135561
2019-08-07,125076.96365957499
2019-08-08,125274.19639365448
2019-08-09,126092.73376518441
2019-08-12,125254.10954500847
2019-08-13,124940.24411345483
2019-08-14,125307.28026156429
2019-08-15,124010.63345808946
2019-08-16,123918.40952625616
2019-08-19,124215.73558828598
2019-08-20,125010.0427805382
2019-08-21,125293.7919638077
2019-08-22,125155.19429289404
2019-08-23,124943.42798400208
2019-08-26,123204.76553756098
2019-08-27,123623.73339477878
2019-08-28,123506.89947261117
2019-08-29,123667.88729491983
2019-08-30,123989.73410121737
2019-09-03,123753.63077515281
2019-09-04,123505.31169309266
2019-09-05,123600.18618212297
2019-09-06,124693.75825151715
2019-09-09,124663.88041565783
2019-09-10,124923.59341941818
2019-09-11,125264.56479031469
2019-09-12,125448.23856605499
2019-09-13,125515.17413993637
2019-09-16,125456.57209688306
2019-09-17,125447.06943236935
2019-09-18,125608.86331542952
2019-09-19,125628.72710138025
2019-09-20,125748.88035242102
2019-09-23,125486.14429597923
2019-09-24,125589.22620952992
2019-09-25,125476.07572382568
2019-09-26,125074.94588681008
2019-09-27,125151.76054455878
2019-09-30,124558.14820074299
2019-10-01,124501.80001256842
2019-10-02,124794.97929909994
2019-10-03,124457.4114787393
2019-10-04,124800.71752292741
2019-10-07,124714.75283044117
2019-10-08,124520.13823472577
2019-10-09,123545.95956982163
2019-10-10,123830.59200288479
2019-10-11,124054.53402845768
2019-10-14,124062.14586569995
2019-10-15,124114.05289471152
2019-10-16,124702.6723756869
2019-10-17,124913.96170373898
2019-10-18,125173.62594589732
2019-10-21,124763.06678890098
2019-10-22,125401.5524407948
2019-10-23,125488.5924412644
2019-10-24,125555.71336179777
2019-10-25,126231.59870597837
2019-10-28,126631.42905818784
2019-10-29,126998.43812366671
2019-10-30,126403.3464500438
2019-10-31,126385.14777025505
2019-11-01,126392.94579619981
2019-11-04,126206.5375516712
2019-11-05,126570.7897719164
2019-11-06,126602.28966544784
2019-11-07,126380.11497093199
2019-11-08,126825.12974654118
2019-11-11,127165.73782899865
2019-11-12,127402.33322993189
2019-11-13,127624.65701956424
2019-11-14,127451.25382458
2019-11-15,127674.23499178476
2019-11-18,127811.09073810486
2019-11-19,128190.10417682727
2019-11-20,127756.6758876422
2019-11-21,127912.33269679616
2019-11-22,127298.45548055712
2019-11-25,127314.3391723101
2019-11-26,128512.18296107321
2019-11-27,128514.29711562592
2019-11-29,128504.08071935346
2019-12-02,128360.01024550696
2019-12-03,128067.3575560805
2019-12-04,128184.88946858456
2019-12-05,128084.09060227279
2019-12-06,128048.09726087205
2019-12-09,128443.97165702558
2019-12-10,128387.75842639964
2019-12-11,128439.2532648856
2019-12-12,128328.3876376709
2019-12-13,129286.12197050436
2019-12-16,129561.6218365755
2019-12-17,129718.09186471772
2019-12-18,129744.36399779191
2019-12-19,129801.39363582173
2019-12-20,130233.17430963906
2019-12-23,131215.70847178597
2019-12-24,131009.05573328254
2019-12-26,130890.57766818296
2019-12-27,131137.3939475569
2019-12-30,131163.6891441148
2019-12-31,130983.61453265538
2020-01-02,131139.20893711178
2020-01-03,132038.07615458954
2020-01-06,131868.91162236425
2020-01-07,131980.37734671216
2020-01-08,131918.0787492317
2020-01-09,131897.3760878845
2020-01-10,132274.04022033312
2020-01-13,132279.59850926578
2020-01-14,132523.62931904398
2020-01-15,131360.4684861342
2020-01-16,131476.20020595254
2020-01-17,132496.74746390874
2020-01-21,132627.38297769282
2020-01-22,132491.80269179487
2020-01-23,132962.60583289713
2020-01-24,133134.72650042747
2020-01-27,132658.06103879237
2020-01-28,132127.29056236587
2020-01-29,131990.80706199855
2020-01-30,132070.63026013086
2020-01-31,132290.85817024123
2020-02-03,130780.87626109886
2020-02-04,130787.40463496774
2020-02-05,131673.11544122596
2020-02-06,131898.38941489503
2020-02-07,131954.53355005255
2020-02-10,131322.1836163377
2020-02-11,133005.18872983207
2020-02-12,132805.00879038527
2020-02-13,133082.12387744762
2020-02-14,133112.97172275494
2020-02-18,133723.26554516805
2020-02-19,133898.14311029046
2020-02-20,134403.6204106608
2020-02-21,134319.54913260223
2020-02-24,133624.9465601714
2020-02-25,132548.690604192
2020-02-26,132031.74148802072
2020-02-27,132421.53524967385
2020-02-28,130167.76167238096
2020-03-02,130369.57561146379
2020-03-03,130254.9530423306
2020-03-04,129402.84485995761
2020-03-05,129843.44847652422
2020-03-06,129113.15700396331
2020-03-09,128209.22055338998
2020-03-10,127845.15428621507
2020-03-11,128725.68438517848
2020-03-12,127438.47025187897
2020-03-13,126697.85216357565
2020-03-16,128846.77252102691
2020-03-17,120032.53781408406
2020-03-18,121355.31142669376
2020-03-19,120731.40162801201
2020-03-20,120963.62749003661
2020-03-23,120691.65586216123
2020-03-24,120376.72428854517
2020-03-25,120318.70154077951
2020-03-26,120358.44392647714
2020-03-27,121361.38379066729
2020-03-30,120933.3746432649
2020-03-31,121117.047681976
2020-04-01,120818.11847564414
2020-04-02,120807.19051138072
2020-04-03,120830.99150664739
2020-04-06,120757.35835633472
2020-04-07,120493.53428675351
2020-04-08,120503.00767653578
2020-04-09,120426.09681412013
2020-04-13,120720.94812498213
2020-04-14,120896.59682803325
2020-04-15,121674.18051734653
2020-04-16,121468.30308185713
2020-04-17,121560.72410798028
2020-04-20,121932.86850802983
2020-04-21,121301.56834140583
2020-04-22,120657.14618395435
2020-04-23,121086.57964353543
2020-04-24,121251.66158582777
2020-04-27,121671.55328718538
2020-04-28,122615.57207277507
2020-04-29,122519.63987804034
2020-04-30,123850.64236285845
2020-05-01,124150.1933425222
2020-05-04,122879.57762916645
2020-05-05,123538.02735998311
2020-05-06,123914.55239248641
2020-05-07,124324.14001014443
2020-05-08,124569.57550289048
2020-05-11,126896.40456731169
2020-05-12,127737.9053330531
2020-05-13,126106.35500751148
2020-05-14,125692.53912737337
2020-05-15,125983.19238482715
2020-05-18,126577.32391686211
2020-05-19,127962.94398334975
2020-05-20,127871.23061361318
2020-05-21,128625.88531070633
2020-05-22,128153.27049190766
2020-05-26,128393.8501189817
2020-05-27,128559.73797279486
2020-05-28,128482.33353661223
2020-05-29,128580.61177621956
2020-06-01,128689.10571507578
2020-06-02,128917.99575444896
2020-06-03,129346.93612684243
2020-06-04,129410.72989153658
2020-06-05,129464.34598230067
2020-06-08,130461.40347962335
2020-06-09,130972.11588661258
2020-06-10,131634.31352359086
2020-06-11,132234.07630281936
2020-06-12,129826.35630651098
2020-06-15,131055.75344616879
2020-06-16,132366.04411453696
2020-06-17,132976.62643754648
2020-06-18,133355.22049487554
2020-06-19,133298.930961353
2020-06-22,133845.80698476586
2020-06-23,133611.07927309696
2020-06-24,134121.31283974604
2020-06-25,133292.46409960504
2020-06-26,133887.9747170331
2020-06-29,133467.5350445882
2020-06-30,133506.73983932388
2020-07-01,133510.16414210448
2020-07-02,133142.94017377036
2020-07-06,133308.15346610412
2020-07-07,133681.47358290583
2020-07-08,133489.20148693654
2020-07-09,133621.62595491024
2020-07-10,134249.6101339565
2020-07-13,134033.15489739116
2020-07-14,133183.48311279784
2020-07-15,133168.9651371755
2020-07-16,133315.31469653462
2020-07-17,133459.1585748939
2020-07-20,133507.3189609433
2020-07-21,134420.74908730522
2020-07-22,133753.63430398173
2020-07-23,133698.2277384295
2020-07-24,133294.434426787
2020-07-27,133323.90590536167
2020-07-28,133828.10392740605
2020-07-29,132845.8162548191
2020-07-30,132948.68672382444
2020-07-31,133719.22823186935
2020-08-03,135186.57201614845
2020-08-04,136943.69571132024
2020-08-05,136983.79560856882
2020-08-06,137081.9668781213
2020-08-07,137816.65007246291
2020-08-10,137191.24436592718
2020-08-11,137038.10535375914
2020-08-12,136269.38661537552
2020-08-13,136974.84709616393
2020-08-14,137311.0448202378
2020-08-17,137355.20231320325
2020-08-18,138052.62450204062
2020-08-19,137911.5460050602
2020-08-20,138288.46302092302
2020-08-21,138501.66967175977
2020-08-24,139383.19583632797
2020-08-25,139661.7207398482
2020-08-26,139786.46091257586
2020-08-27,139892.42327012878
2020-08-28,139995.0878922253
2020-08-31,140109.2840671191
2020-09-01,140297.61900355868
2020-09-02,141273.092878986
2020-09-03,140836.25556983685
2020-09-04,137309.5790671021
2020-09-08,137538.24803499776
2020-09-09,137541.05213456452
2020-09-10,137595.60801735547
2020-09-11,136178.2378348806
2020-09-14,136340.60871398158
2020-09-15,136433.68932761153
2020-09-16,136445.3905094481
2020-09-17,136808.47210061076
2020-09-18,136767.87656278067
2020-09-21,136860.5585063905
2020-09-22,136778.8105860435
2020-09-23,137129.8528964777
2020-09-24,136103.15760942156
2020-09-25,135970.96747139993
2020-09-28,136627.59263048315
2020-09-29,137430.78050445853
2020-09-30,137442.4467440832
2020-10-01,137678.2158914765
2020-10-02,137957.26187526726
2020-10-05,137019.44437752388
2020-10-06,137759.57416783457
2020-10-07,136794.15871936546
2020-10-08,137659.80234987877
2020-10-09,138097.94320625748
2020-10-12,138641.15444638705
2020-10-13,140113.31323900807
2020-10-14,140220.914150803
2020-10-15,140102.09641314158
2020-10-16,140357.3681772058
2020-10-19,140145.84046237482
2020-10-20,139957.64361386476
2020-10-21,139861.5070880297
2020-10-22,139761.3971254474
2020-10-23,140040.66091929845
2020-10-26,139331.49751559002
2020-10-27,137957.60469362303
2020-10-28,137578.93533948483
2020-10-29,136370.6437126542
2020-10-30,136414.88989327018
2020-11-02,136381.65659200778
2020-11-03,136299.36985490256
2020-11-04,136551.12880899612
2020-11-05,137394.5525826209
2020-11-06,138404.28875705478
2020-11-09,137913.79917828104
2020-11-10,137073.55854189186
2020-11-11,136468.30089393994
2020-11-12,136941.9883442999
2020-11-13,137241.03667395373
2020-11-16,137695.15750370052
2020-11-17,138392.96087511428
2020-11-18,138376.44768767213
2020-11-19,138538.51651283613
2020-11-20,138861.83613456663
2020-11-23,138529.7827704864
2020-11-24,138472.85899391095
2020-11-25,138350.56883780903
2020-11-27,138485.2338069959
2020-11-30,138913.55765225555
2020-12-01,138222.4099132426
2020-12-02,139018.8590712462
2020-12-03,138925.80055153888
2020-12-04,138915.46534021053
2020-12-07,139269.21192699397
2020-12-08,139409.0548569896
2020-12-09,139515.8725546972
2020-12-10,139731.68879349093
2020-12-11,138799.26762500478
2020-12-14,138910.7685435452
2020-12-15,139007.28226208384
2020-12-16,139012.9946984189
2020-12-17,139095.75685044867
2020-12-18,139640.36181632266
2020-12-21,139354.89239102372
2020-12-22,139473.87138269766
2020-12-23,139804.7176859666
2020-12-24,139674.83280639065
2020-12-28,139906.45558523273
2020-12-29,140389.71505597667
2020-12-30,140178.0643317278
2020-12-31,140206.12113562447
2021-01-04,140428.92847964168
2021-01-05,139979.6652754645
2021-01-06,140054.99238521405
2021-01-07,140625.08386150427
2021-01-08,141252.0020539697
2021-01-11,141277.04574073973
2021-01-12,141082.3490802159
2021-01-13,141074.4849765441
2021-01-14,141151.1633132696
2021-01-15,140474.2706982718
2021-01-19,140071.12616369993
2021-01-20,140162.2658775472
2021-01-21,141104.5240125582
2021-01-22,142043.597175216
2021-01-25,142458.11074325503
2021-01-26,142708.06931162503
2021-01-27,142464.18130838644
2021-01-28,142379.51799170504
2021-01-29,141814.01411089645
2021-02-01,141606.1990022045
2021-02-02,141710.98089243125
2021-02-03,142611.67097663129
2021-02-04,143251.98182745744
2021-02-05,143202.11205162268
2021-02-08,142881.4484710663
2021-02-09,144950.07277148368
2021-02-10,144864.85643967908
2021-02-11,144882.49465654383
2021-02-12,145822.4321407547
2021-02-16,144760.60782082228
2021-02-17,144726.3562119413
2021-02-18,144201.87544317977
2021-02-19,144296.4775303731
2021-02-22,144513.05088958854
2021-02-23,144419.97191561895
2021-02-24,144929.3950952346
2021-02-25,145305.41649097073
2021-02-26,144590.71140781412
2021-03-01,144523.34034553776
2021-03-02,145130.52254267558
2021-03-03,143493.40550424435
2021-03-04,143282.79986590106
2021-03-05,142486.15076602256
2021-03-08,142947.5860036139
2021-03-09,142115.52006027254
2021-03-10,142804.14249520813
2021-03-11,143043.39857433256
2021-03-12,144338.97598329143
2021-03-15,144357.7436469284
2021-03-16,145107.17349228993
2021-03-17,145449.1040399206
2021-03-18,145672.85482722853
2021-03-19,145993.1906052864
2021-03-22,146101.17634669747
2021-03-23,146331.2065632761
2021-03-24,145865.5819384251
2021-03-25,146310.7188690266
2021-03-26,146324.85832037276
2021-03-29,146681.33885174926
2021-03-30,146700.73806168852
2021-03-31,146608.46566823166
2021-04-01,147296.93208288873
2021-04-05,148873.18722585417
2021-04-06,149693.84166880883
2021-04-07,149363.94560392064
2021-04-08,149795.86487483064
2021-04-09,150680.06472738265
2021-04-12,151118.9305248057
2021-04-13,151098.91809619876
2021-04-14,151368.21662469805
2021-04-15,151059.96202354995
2021-04-16,151378.33770041514
2021-04-19,151383.8900326934
2021-04-20,150768.37949661922
2021-04-21,149975.60314479092
2021-04-22,150548.10090258025
2021-04-23,149991.46231944268
2021-04-26,150699.42556802352
2021-04-27,151153.633690778
2021-04-28,150936.95419604768
2021-04-29,150553.26672570698
2021-04-30,150648.49810727284
2021-05-03,150648.82980707166
2021-05-04,150821.6966074746
2021-05-05,150494.11206285382
2021-05-06,150572.73067785313
2021-05-07,150588.4936811676
2021-05-10,150770.27854044043
2021-05-11,150415.2826188046
2021-05-12,150357.2422175791
2021-05-13,150334.37522611278
2021-05-14,150581.14906801283
2021-05-17,151101.86182429965
2021-05-18,150802.8148072637
2021-05-19,150289.27985006693
2021-05-20,150307.29976231424
2021-05-21,150954.8399013993
2021-05-24,151241.71032777432
2021-05-25,151859.78256918982
2021-05-26,151504.72116343383
2021-05-27,151566.12022620116
2021-05-28,151471.5303546296
2021-06-01,151402.60925205483
2021-06-02,151560.96706265444
2021-06-03,152258.73056223386
2021-06-04,152475.33711727534
2021-06-07,153069.11036347182
2021-06-08,153502.40744484228
2021-06-09,153533.14398707665
2021-06-10,153506.31297021965
2021-06-11,153647.258647978
2021-06-14,154279.8355670414
2021-06-15,154607.39521485905
2021-06-16,154099.55292434758
2021-06-17,154043.90534322237
2021-06-18,154538.1413990275
2021-06-21,153931.11736633923
2021-06-22,153963.6734967584
2021-06-23,154435.73308383662
2021-06-24,154822.21706680907
2021-06-25,155594.00150033465
2021-06-28,155529.59665847293
2021-06-29,155309.842950424
2021-06-30,155347.66580422016
2021-07-01,155255.14818869595
2021-07-02,155350.82254917256
2021-07-06,155936.9655133418
2021-07-07,156004.90348197662
2021-07-08,156173.01330796393
2021-07-09,155620.4763861748
2021-07-12,155867.55224671777
2021-07-13,155546.62424002396
2021-07-14,154872.05970388217
2021-07-15,155273.6208968282
2021-07-16,155583.14286334798
2021-07-19,155546.83573645545
2021-07-20,155567.30730284343
2021-07-21,155198.0025336437
2021-07-22,156156.6297089988
2021-07-23,156143.99697385659
2021-07-26,156707.6136534003
2021-07-27,156651.44235350896
2021-07-28,156431.31787405207
2021-07-29,156596.1104728452
2021-07-30,157511.0450018869
2021-08-02,157950.1455467231
2021-08-03,157941.23988233728
2021-08-04,158089.81110628255
2021-08-05,158162.67706041218
2021-08-06,158765.71289873568
2021-08-09,158771.07698181854
2021-08-10,158561.77374657287
2021-08-11,158073.81994099027
2021-08-12,157911.42246157146
2021-08-13,157922.8906187865
2021-08-16,157323.34958761145
2021-08-17,157743.0728321934
2021-08-18,156950.9264832451
2021-08-19,156806.1890683759
2021-08-20,156817.1657637584
2021-08-23,157615.0265661304
2021-08-24,158583.3618794264
2021-08-25,158444.13820256514
2021-08-26,158859.97487466584
2021-08-27,158039.76367272742
2021-08-30,158030.17161169118
2021-08-31,158581.90924730987
2021-09-01,158872.25075463945
2021-09-02,159084.36027504047
2021-09-03,159096.02846214775
2021-09-07,159361.38865741933
2021-09-08,158971.16247765976
2021-09-09,158394.68433493876
2021-09-10,158436.11730885645
2021-09-13,158107.98263240923
2021-09-14,158359.75604993128
2021-09-15,158018.4277184755
2021-09-16,157949.31635719223
2021-09-17,158296.2488188459
2021-09-20,157515.10622505896
2021-09-21,156847.32404427422
2021-09-22,157084.8663354527
2021-09-23,157613.76936354663
2021-09-24,158543.52882148794
2021-09-27,158069.49790125914
2021-09-28,157649.70022869215
2021-09-29,157438.96238062592
2021-09-30,157459.10615453936
2021-10-01,157326.81519801263
2021-10-04,157550.73020235522
2021-10-05,155044.60067891725
2021-10-06,156562.89767960628
2021-10-07,156838.28267340065
2021-10-08,157316.01132058876
2021-10-11,157223.77598120057
2021-10-12,157309.43424430085
2021-10-13,156928.61397772707
2021-10-14,156734.46177686244
2021-10-15,157259.73628817647
2021-10-18,157286.53031548453
2021-10-19,157567.94668757962
2021-10-20,157828.08691911655
2021-10-21,157962.67985669733
2021-10-22,158448.11491850868
2021-10-25,158240.00960064947
2021-10-26,158581.95457744985
2021-10-27,159772.8765664158
2021-10-28,159773.0800169131
2021-10-29,160024.71693880443
2021-11-01,160870.44978236296
2021-11-02,160996.90401022165
2021-11-03,161549.07333653647
2021-11-04,163552.15705918398
2021-11-05,165847.72630660256
2021-11-08,165768.25235958816
2021-11-09,165831.8098868179
2021-11-10,165562.07429885006
2021-11-11,164967.90911046322
2021-11-12,165157.31946095018
2021-11-15,164862.2970886415
2021-11-16,164514.85708375284
2021-11-17,164944.76344968088
2021-11-18,164598.4731321318
2021-11-19,165155.7154720507
2021-11-22,165355.0456303071
2021-11-23,165130.46963324503
2021-11-24,164970.84294717747
2021-11-26,165125.10327097384
2021-11-29,164973.3285539952
2021-11-30,165124.217661099
2021-12-01,165007.90003340613
2021-12-02,166746.08425307763
2021-12-03,164947.821156116
2021-12-06,164933.32480915682
2021-12-07,164599.16416978516
2021-12-08,165975.72965008806
2021-12-09,165812.07479054498
2021-12-10,165098.74804042417
2021-12-13,165465.7994027153
2021-12-14,164739.50830231674
2021-12-15,164734.85835031833
2021-12-16,164663.41863768874
2021-12-17,165130.60997207713
2021-12-20,164793.81472044668
2021-12-21,165098.29452067666
2021-12-22,165391.3526991971
2021-12-23,165971.62918596558
2021-12-27,166770.31000361638
2021-12-28,167833.51952816066
2021-12-29,167201.67613410018
2021-12-30,167459.9851101631
2021-12-31,167368.59783114452
2022-01-03,167320.49495616587
2022-01-04,167446.14534696547
2022-01-05,167758.77570192906
2022-01-06,167645.8916909006
2022-01-07,166765.90969820105
2022-01-10,166555.4373205252
2022-01-11,166661.35740519257
2022-01-12,167388.9438779837
2022-01-13,167418.29080876242
2022-01-14,165331.98384277656
2022-01-18,165663.7769920625
2022-01-19,165433.86213978374
2022-01-20,164227.9376595426
2022-01-21,163028.4131537915
2022-01-24,161889.209632216
2022-01-25,161747.6314291018
2022-01-26,161303.92039680452
2022-01-27,162020.66162567068
2022-01-28,158901.4913337213
2022-01-31,158995.93980312117
2022-02-01,160198.18338046758
2022-02-02,160418.24578154745
2022-02-03,161400.6766660119
2022-02-04,158904.19911195012
2022-02-07,159112.58655857202
2022-02-08,158954.0619631974
2022-02-09,159323.1785240377
2022-02-10,159765.98954931676
2022-02-11,159166.6298115471
2022-02-14,158751.10551293025
2022-02-15,158761.0906237058
2022-02-16,159024.20855139644
2022-02-17,158645.7326019748
2022-02-18,158558.13395125375
2022-02-22,158489.97830011862
2022-02-23,158561.02369396682
2022-02-24,158859.7512670235
2022-02-25,159305.73173885595
2022-02-28,160425.47035643895
2022-03-01,160346.36670163475
2022-03-02,160150.60426539028
2022-03-03,160813.12486613938
2022-03-04,161236.4429491576
2022-03-07,161223.95003678158
2022-03-08,160989.48932420817
2022-03-09,161172.84833689668
2022-03-10,161213.76948096242
2022-03-11,160530.7779606931
2022-03-14,159480.1277151299
2022-03-15,158582.60698586382
2022-03-16,159745.02920987154
2022-03-17,161799.61952960165
2022-03-18,163154.3096813155
2022-03-21,165368.84435645567
2022-03-22,165388.91633562493
2022-03-23,165957.50782680523
2022-03-24,165910.81499621208
2022-03-25,166996.45001215872
2022-03-28,166610.20927282516
2022-03-29,167215.91631438665
2022-03-30,168529.79730557505
2022-03-31,167413.77129116186
2022-04-01,167156.85000536861
2022-04-04,167157.38203730015
2022-04-05,167404.86809057565
2022-04-06,165689.38142918574
2022-04-07,164362.93244705955
2022-04-08,164300.303900514
2022-04-11,164043.0075528077
2022-04-12,163833.47006577475
2022-04-13,163869.15216585857
2022-04-14,163913.88699133907
2022-04-18,163414.50899835798
2022-04-19,163468.8326192258
2022-04-20,166629.28353413465
2022-04-21,166557.66551454546
2022-04-22,164848.9739813292
2022-04-25,164662.80552848638
2022-04-26,164865.9162287816
2022-04-27,163225.30718645675
2022-04-28,163341.36099572293
2022-04-29,163685.0052114225
2022-05-02,160582.2961803639
2022-05-03,160838.42349021745
2022-05-04,160969.1422807906
2022-05-05,162902.3452223728
2022-05-06,162893.10294367245
2022-05-09,162724.85086775586
2022-05-10,161677.0943768686
2022-05-11,162483.17834482223
2022-05-12,162657.9541084434
2022-05-13,162335.5050952766
2022-05-16,163029.67249838865
2022-05-17,162831.9809109018
2022-05-18,163669.37700559077
2022-05-19,161753.28911161458
2022-05-20,161287.7747797791
2022-05-23,161256.40048488512
2022-05-24,161199.69639235412
2022-05-25,160749.98207664865
2022-05-26,160872.09177306565
2022-05-27,162639.73442107037
2022-05-31,163790.17194710803
2022-06-01,163601.00038553283
2022-06-02,163302.26368330375
2022-06-03,163874.14490441492
2022-06-06,162613.0650436174
2022-06-07,163015.3072493504
2022-06-08,163309.91962044052
2022-06-09,162904.41928495935
2022-06-10,159942.54770169564
2022-06-13,158013.17536360055
2022-06-14,157932.50349769974
2022-06-15,158115.7546391724
2022-06-16,158384.254274198
2022-06-17,156482.1004729845
2022-06-21,156386.3566617512
2022-06-22,157325.82518877194
2022-06-23,157122.26843316
2022-06-24,157107.94511496866
2022-06-27,157944.95512926162
2022-06-28,157897.6572050546
2022-06-29,158162.0653387318
2022-06-30,158144.2109431153
2022-07-01,158168.5844308885
2022-07-05,157980.72906068468
2022-07-06,158839.723990425
2022-07-07,158832.22677899734
2022-07-08,160464.3381765905
2022-07-11,160494.44055092518
2022-07-12,159598.6963768488
2022-07-13,159667.442825296
2022-07-14,159568.4404725366
2022-07-15,159990.96978651348
2022-07-18,161077.988469058
2022-07-19,161172.35971996965
2022-07-20,160783.1537331193
2022-07-21,162190.75621276448
2022-07-22,165393.39432845806
2022-07-25,163819.2807019679
2022-07-26,163757.25845888915
2022-07-27,162352.11488027987
2022-07-28,162164.6587875527
2022-07-29,163644.6614588452
2022-08-01,164778.87125021557
2022-08-02,164895.77587741736
2022-08-03,164892.1034521913
2022-08-04,165160.03592422357
2022-08-05,165766.41042795766
2022-08-08,165550.50178842258
2022-08-09,165436.99252626245
2022-08-10,164124.2697579739
2022-08-11,166513.56460566394
2022-08-12,166189.31540399848
2022-08-15,166316.91935888815
2022-08-16,167050.54083198152
2022-08-17,166695.02545233956
2022-08-18,166344.66289757355
2022-08-19,167574.00585266738
2022-08-22,166491.3818460453
2022-08-23,165647.54350243273
2022-08-24,165523.94092372147
2022-08-25,166150.4775172617
2022-08-26,167305.1169064747
2022-08-29,163684.5939623207
2022-08-30,163693.144049972
2022-08-31,163657.5191431135
2022-09-01,163676.00887912477
2022-09-02,163621.40264963335
2022-09-06,164021.4945505357
2022-09-07,163744.7008165672
2022-09-08,163640.69152765805
2022-09-09,163893.38039162548
2022-09-12,164259.5738458098
2022-09-13,165296.43545625007
2022-09-14,162170.0140877277
2022-09-15,162136.97244866495
2022-09-16,161996.5078562204
2022-09-19,162483.30134131247
2022-09-20,163083.720616561
2022-09-21,163178.5548036484
2022-09-22,162871.4742780729
2022-09-23,161609.44837896095
2022-09-26,161279.82044250006
2022-09-27,161219.869698815
2022-09-28,161380.3109641456
2022-09-29,161743.480687504
2022-09-30,160291.3595723547
2022-10-03,159936.97415577024
2022-10-04,160561.73460561992
2022-10-05,163813.09311485456
2022-10-06,164027.93366305533
2022-10-07,164180.72620112664
2022-10-10,164089.54606218656
2022-10-11,164145.6866532133
2022-10-12,164117.56549805196
2022-10-13,163909.8165834463
2022-10-14,164715.4139130174
2022-10-17,162551.0182821367
2022-10-18,163543.7736941626
2022-10-19,164068.14666126753
2022-10-20,164185.92218964125
2022-10-21,165204.26570323022
2022-10-24,166171.77546108357
2022-10-25,166717.5108174078
2022-10-26,169001.05391676573
2022-10-27,169050.8035792083
2022-10-28,168408.45836292466
2022-10-31,168454.16593229957
2022-11-01,167955.92100507472
2022-11-02,168532.3175594997
2022-11-03,170734.52256986033
2022-11-04,169567.0008302679
2022-11-07,169781.4280400936
2022-11-08,170075.15488541877
2022-11-09,170176.7842024903
2022-11-10,169424.53380854172
2022-11-11,172817.12354547577
2022-11-14,172945.97300132958
2022-11-15,172695.17082590252
2022-11-16,172858.27818882835
2022-11-17,173123.88031684834
2022-11-18,173199.8861489573
2022-11-21,173188.59771189
2022-11-22,172660.82718458865
2022-11-23,173173.99399937072
2022-11-25,174087.68617177228
2022-11-28,174136.9472266973
2022-11-29,173630.34415162716
2022-11-30,173605.96081777965
2022-12-01,173587.46038216623
2022-12-02,174585.51093895096
2022-12-05,174089.69713647262
2022-12-06,172880.89516318584
2022-12-07,172236.57021510619
2022-12-08,172156.62821788667
2022-12-09,172137.04805806265
2022-12-12,172051.8402835555
2022-12-13,172428.5014130039
2022-12-14,173913.39202322572
2022-12-15,174097.9376240093
2022-12-16,169534.06255090525
2022-12-19,169197.41839328932
2022-12-20,169385.396795329
2022-12-21,169297.29780699653
2022-12-22,169213.12890764166
2022-12-23,167555.75923395643
2022-12-27,167546.73005414207
2022-12-28,167370.928200698
2022-12-29,167298.37186933635
2022-12-30,167330.03889070195
2023-01-03,167414.84938576867
2023-01-04,166796.07121055585
2023-01-05,166775.80154312446
2023-01-06,165604.1832624543
2023-01-09,166104.95648944867
2023-01-10,166873.92078781663
2023-01-11,167006.32079567751
2023-01-12,167044.90966267668
2023-01-13,168195.44412213948
2023-01-17,168765.6517295639
2023-01-18,170080.5880675833
2023-01-19,169952.9903311828
2023-01-20,167203.06018645395
2023-01-23,167682.88947599952
2023-01-24,169929.53055978153
2023-01-25,170874.4719878168
2023-01-26,170096.28953488765
2023-01-27,170137.65116827475
2023-01-30,170444.21861345784
2023-01-31,168907.9556818793
2023-02-01,169060.08053675096
2023-02-02,168656.84541013004
2023-02-03,171636.04412320748
2023-02-06,171427.00320075417
2023-02-07,171509.3642515302
2023-02-08,171335.84303306777
2023-02-09,171353.69990622211
2023-02-10,171127.29121471426
2023-02-13,171487.36384225427
2023-02-14,171539.8419197356
2023-02-15,171756.2370000074
2023-02-16,171210.54101949435
2023-02-17,171294.9817996536
2023-02-21,170765.57607933928
2023-02-22,170216.49769847566
2023-02-23,170082.63662318347
2023-02-24,171376.9488124422
2023-02-27,171215.1552264338
2023-02-28,171903.61841126997
2023-03-01,171833.85134852916
2023-03-02,171814.13431997996
2023-03-03,171472.60856681797
2023-03-06,172624.5692381162
2023-03-07,172595.1883165377
2023-03-08,172378.53670639306
2023-03-09,173458.91677850657
2023-03-10,172332.49971035105
2023-03-13,170347.48511578268
2023-03-14,170088.72044265672
2023-03-15,170672.84575137307
2023-03-16,170729.5790182847
2023-03-17,171581.67410802408
2023-03-20,171363.88476358348
2023-03-21,171495.39776053216
2023-03-22,173787.26532133494
2023-03-23,175312.98783061176
2023-03-24,175149.1907789889
2023-03-27,174886.0636858547
2023-03-28,174637.5898820802
2023-03-29,173598.3800664001
2023-03-30,173511.60955572894
2023-03-31,174329.3168769448
2023-04-03,174307.3211490661
2023-04-04,175182.37919320734
2023-04-05,174094.80394397862
2023-04-06,173315.16227183782
2023-04-10,172731.52332082213
2023-04-11,173917.81871729187
2023-04-12,173171.13696590636
2023-04-13,173734.77351142792
2023-04-14,173668.86597431538
2023-04-17,173535.07103570923
2023-04-18,173884.25485811947
2023-04-19,175039.31163231182
2023-04-20,174644.1246160543
2023-04-21,173690.70725591405
2023-04-24,173638.9350455904
2023-04-25,172351.18305225763
2023-04-26,171175.00722649213
2023-04-27,171312.8800299725
2023-04-28,171950.76194744365
2023-05-01,174123.70247840637
2023-05-02,174667.39025971998
2023-05-03,174216.25457635144
2023-05-04,174608.26434044354
2023-05-05,174628.32909295114
2023-05-08,175593.58955860956
2023-05-09,175596.09122092777
2023-05-10,174773.3057803224
2023-05-11,175823.2838663386
2023-05-12,175706.49009858552
2023-05-15,175201.12590784155
2023-05-16,175898.39067467288
2023-05-17,176733.37590675423
2023-05-18,177782.70940706978
2023-05-19,179811.53595835262
2023-05-22,179490.60640841466
2023-05-23,179786.75644509343
2023-05-24,178845.91792810342
2023-05-25,178528.91033847042
2023-05-26,184768.17870754274
2023-05-30,186891.55661446822
2023-05-31,187341.37074591118
2023-06-01,187292.5895199363
2023-06-02,187488.78839593424
2023-06-05,187301.7518256291
2023-06-06,187362.341319647
2023-06-07,187740.63733014913
2023-06-08,188071.92055278196
2023-06-09,188552.69930213253
2023-06-12,188787.31613890492
2023-06-13,188581.5181791858
2023-06-14,188612.48073285833
2023-06-15,188828.5475491177
2023-06-16,189778.38306417665
2023-06-20,188882.57211948844
2023-06-21,188613.25304460857
2023-06-22,188316.29988404855
2023-06-23,188583.46343821392
2023-06-26,188090.03984301124
2023-06-27,187983.88880590547
2023-06-28,188594.141968042
2023-06-29,189435.0351512424
2023-06-30,189494.48223557358
2023-07-03,189934.91254750214
2023-07-05,189903.38080819655
2023-07-06,189946.9370158057
2023-07-07,189927.34013566832
2023-07-10,190370.68829062907
2023-07-11,190854.21822626478
2023-07-12,190894.717968384
2023-07-13,191118.75737368263
2023-07-14,195127.6354743446
2023-07-17,195276.7343934076
2023-07-18,195558.80425419804
2023-07-19,197055.2754818991
2023-07-20,197069.6158338748
2023-07-21,194937.81905853894
2023-07-24,194979.0334956144
2023-07-25,194945.22029284702
2023-07-26,195383.888536407
2023-07-27,194584.18286857908
2023-07-28,194498.95419378005
2023-07-31,194565.94582998648
2023-08-01,194489.93403280518
2023-08-02,194516.37383256896
2023-08-03,193035.95692195516
2023-08-04,193546.08710563605
2023-08-07,194158.67444971003
2023-08-08,195287.91576108284
2023-08-09,194851.17311832853
2023-08-10,191429.19400843856
2023-08-11,192384.79201118342
2023-08-14,191451.77450202423
2023-08-15,191382.53016686445
2023-08-16,191125.37932760763
2023-08-17,190543.4105112175
2023-08-18,190204.6772003963
2023-08-21,190293.01639735044
2023-08-22,190049.45723272354
2023-08-23,190037.66834056494
2023-08-24,192628.31966227473
2023-08-25,190399.65857903805
2023-08-28,189874.0823448475
2023-08-29,190379.53192809154
2023-08-30,191087.65468062193
2023-08-31,191682.3760909968
2023-09-01,191980.941467279
2023-09-05,192214.14975558317
2023-09-06,192185.69492430787
2023-09-07,191674.95818663327
2023-09-08,191226.04467473307
2023-09-11,191913.97119148602
2023-09-12,191770.55642589153
2023-09-13,190330.66045071522
2023-09-14,190538.50179992814
2023-09-15,190517.1667094897
2023-09-18,189197.8820639603
2023-09-19,188811.69837104616
2023-09-20,189091.83027354046
2023-09-21,188588.85742635065
2023-09-22,187250.62285630888
2023-09-25,186927.20769959484
2023-09-26,186670.80796587066
2023-09-27,186744.41884263125
2023-09-28,186927.79897941882
2023-09-29,188012.01454553986
2023-10-02,188337.86353617962
2023-10-03,188652.02086342266
2023-10-04,187487.73178993206
2023-10-05,188098.06553234078
2023-10-06,188540.89267321437
2023-10-09,190251.36135195813
2023-10-10,190769.6025003417
2023-10-11,192507.9751628177
2023-10-12,192713.81917369418
2023-10-13,192048.9253879249
2023-10-16,190542.04592595744
2023-10-17,191148.30923494455
2023-10-18,191517.05636763253
2023-10-19,190737.0684476227
2023-10-20,189163.57857929272
2023-10-23,188188.12511907652
2023-10-24,188847.46808955344
2023-10-25,188944.39689661778
2023-10-26,188386.93397410295
2023-10-27,186430.3791997251
2023-10-30,186353.85187060194
2023-10-31,186406.15114041144
2023-11-01,186711.63992043532
2023-11-02,188521.41195581714
2023-11-03,189936.1526329914
2023-11-06,191562.03149937012
2023-11-07,191905.86303523078
2023-11-08,192619.93736520578
2023-11-09,192794.754597223
2023-11-10,192981.23533200243
2023-11-13,193140.05326844816
2023-11-14,192847.30894943164
2023-11-15,196478.41516156722
2023-11-16,196346.91471470412
2023-11-17,195469.51747496484
2023-11-20,195366.54911315296
2023-11-21,196795.42579893046
2023-11-22,195852.2231708501
2023-11-24,195181.2835674772
2023-11-27,195249.59047143706
2023-11-28,195526.6883317039
2023-11-29,195569.94970219006
2023-11-30,195829.9394777274
2023-12-01,194417.76403337062
2023-12-04,194555.1789305595
2023-12-05,194321.45469208338
2023-12-06,194565.72441526456
2023-12-07,194644.56196809452
2023-12-08,194653.57632427372
2023-12-11,195295.5568440805
2023-12-12,194204.3047737977
2023-12-13,194374.64218432677
2023-12-14,194498.8468041083
2023-12-15,196589.98244497576
2023-12-18,196921.04683737073
2023-12-19,198538.21907592495
2023-12-20,198303.78961129978
2023-12-21,198279.48838493187
2023-12-22,197059.05344838713
2023-12-26,197289.87082851247
2023-12-27,197615.23129412756
2023-12-28,197528.0785901957
2023-12-29,197478.9135987145
2024-01-02,197293.8436784814
2024-01-03,196026.73110107804
2024-01-04,196105.70600270788
2024-01-05,196107.9844787868
2024-01-08,196102.96149313045
2024-01-09,196146.08039593638
2024-01-10,197935.347876827
2024-01-11,198570.88952955406
2024-01-12,198571.7469472124
2024-01-16,198604.7503931356
2024-01-17,198501.83299347523
2024-01-18,197748.74057855248
2024-01-19,197485.56419305972
2024-01-22,198881.9567084743
2024-01-23,200109.9341456087
2024-01-24,201255.0680493996
2024-01-25,202328.22240044584
2024-01-26,202159.09166259988
2024-01-29,201686.69117787696
2024-01-30,201755.4082516601
2024-01-31,202025.31036264525
2024-02-01,201879.00051753357
2024-02-02,204156.6815664212
2024-02-05,205337.60942765573
2024-02-06,208944.22261896543
2024-02-07,209207.64331028727
2024-02-08,209695.29836126158
2024-02-09,210563.34380907298
2024-02-12,213014.0460404252
2024-02-13,213713.88877297507
2024-02-14,214436.22134770447
2024-02-15,216083.00046312236
2024-02-16,219340.1136097445
2024-02-20,215182.14029305498
2024-02-21,214085.8833092135
2024-02-22,213348.32780540397
2024-02-23,219539.50401617785
2024-02-26,218106.3045225851
2024-02-27,218301.65858051303
2024-02-28,218213.92846306972
2024-02-29,218195.55580757366
2024-03-01,218427.98228943863
2024-03-04,218655.16080477514
2024-03-05,219303.42941190096
2024-03-06,218912.86605825994
2024-03-07,219592.54913377913
2024-03-08,220605.89822756374
2024-03-11,220506.77650288586
2024-03-12,220553.65299023595
2024-03-13,220459.6310036873
2024-03-14,220379.36406096024
2024-03-15,219890.7806064108
2024-03-18,219735.0873834317
2024-03-19,219657.00121377973
2024-03-20,219492.0405766504
2024-03-21,219405.9629502052
2024-03-22,220345.496393295
2024-03-25,220868.3828963132
2024-03-26,220787.7149232439
2024-03-27,220318.0774733609
2024-03-28,220337.19885652966
2024-04-01,220566.3784481392
2024-04-02,220197.8073886906
2024-04-03,219719.97206194844
2024-04-04,219843.8739811022
2024-04-05,219880.77237715293
2024-04-08,220086.82496393635
2024-04-09,219873.25450773476
2024-04-10,220110.4788749561
2024-04-11,220249.12646984437
2024-04-12,221978.94203035708
2024-04-15,221634.03237536695
2024-04-16,221547.94557200372
2024-04-17,221611.12418495992
2024-04-18,221450.58365042496
2024-04-19,220577.5679687521
2024-04-22,219845.92331032504
2024-04-23,219676.15832061178
2024-04-24,220086.53803749479
2024-04-25,219813.74812465423
2024-04-26,220915.7484251813
2024-04-29,224367.86038859593
2024-04-30,225359.82640435398
2024-05-01,224194.28482651795
2024-05-02,223789.60568539685
2024-05-03,224308.7557551639
2024-05-06,226866.60295713693
2024-05-07,227228.18824643813
2024-05-08,226536.481156461
2024-05-09,226561.807554668
2024-05-10,226936.68698268026
2024-05-13,226662.8813670703
2024-05-14,226700.9960235504
2024-05-15,226811.88453143754
2024-05-16,229400.57635130905
2024-05-17,229519.07943461204
2024-05-20,229479.00879366044
2024-05-21,229497.9227384616
2024-05-22,229434.32336088456
2024-05-23,229255.959751876
2024-05-24,229799.007389815
2024-05-28,231289.81194234831
2024-05-29,232590.8702997925
2024-05-30,232617.31111319875
2024-05-31,231661.5601035151
2024-06-03,231731.70313630282
2024-06-04,231991.9047775925
2024-06-05,232501.0710023362
2024-06-06,234143.30751580122
2024-06-07,233874.2868041721
2024-06-10,233869.02981446084
2024-06-11,234375.916960527
2024-06-12,236071.0368097562
2024-06-13,238344.0999431175
2024-06-14,241176.15092148888
2024-06-17,240971.62157562695
2024-06-18,241464.95897693347
2024-06-20,242636.78510934615
2024-06-21,241744.78206024467
2024-06-24,241925.39138212113
2024-06-25,242298.35046381972
2024-06-26,242585.31119772626
2024-06-27,242504.3176364178
2024-06-28,242584.792440805
2024-07-01,240419.2583669208
2024-07-02,240531.3174999961
2024-07-03,240904.15950599953
2024-07-05,241860.9440469726
2024-07-08,242686.20671011938
2024-07-09,244758.5249216111
2024-07-10,244909.69915559146
2024-07-11,245854.95567172265
2024-07-12,244110.7857282965
2024-07-15,245270.26488310992
2024-07-16,245358.42993451026
2024-07-17,246451.07099221236
2024-07-18,245839.21440112285
2024-07-19,245821.91955505105
2024-07-22,246006.38836520177
2024-07-23,245889.93388369234
2024-07-24,246072.27757731898
2024-07-25,245735.1830334604
2024-07-26,246190.43644186712
2024-07-29,246266.81398578492
2024-07-30,245998.6573536155
2024-07-31,245839.40278168785
2024-08-01,246273.07563493613
2024-08-02,241273.92893807415
2024-08-05,239747.46839850405
2024-08-06,239626.2742657377
2024-08-07,240209.55840011375
2024-08-08,237447.85136178753
2024-08-09,237282.62036510307
2024-08-12,237698.15446115047
2024-08-13,237569.90956896008
2024-08-14,237457.60795160287
2024-08-15,237553.4903421415
2024-08-16,240641.25206378143
2024-08-19,240875.07071541698
2024-08-20,242118.03649446575
2024-08-21,241416.4477976192
2024-08-22,241626.49271504703
2024-08-23,240944.51460310054
2024-08-26,241475.52240704806
2024-08-27,241220.73671860778
2024-08-28,241073.56795868726
2024-08-29,240825.26505936583
2024-08-30,240982.5448157491
2024-09-03,241090.22254586665
2024-09-04,239246.6574601315
2024-09-05,239019.72443542402
2024-09-06,238808.0794442404
2024-09-09,237850.8160575714
2024-09-10,238348.44057010865
2024-09-11,238976.25571711233
2024-09-12,240258.32855626044
2024-09-13,244120.0974046489
2024-09-16,245251.8567793552
2024-09-17,245253.69247691866
2024-09-18,245811.3199961716
2024-09-19,245796.8338545335
2024-09-20,246931.0229502492
2024-09-23,246873.56230938568
2024-09-24,246988.81015341345
2024-09-25,247448.19496755506
2024-09-26,247627.6957597998
2024-09-27,247559.1994839084
2024-09-30,246929.47269986238
2024-10-01,247039.26030491458
2024-10-02,246720.40142580282
2024-10-03,246898.65251770822
2024-10-04,247297.07885496135
2024-10-07,247355.31321755232
2024-10-08,247510.11360616484
2024-10-09,246102.08905438404
2024-10-10,248369.63838574337
2024-10-11,247394.48379114235
2024-10-14,248004.9626712289
2024-10-15,248075.5401082278
2024-10-16,247914.42967583658
2024-10-17,248238.86224071338
2024-10-18,247494.3105026887
2024-10-21,247105.67798884623
2024-10-22,248167.09102637597
2024-10-23,247695.17324975622
2024-10-24,246788.39273637062
2024-10-25,246671.4612316554
2024-10-28,247636.1671890661
2024-10-29,248139.88697299053
2024-10-30,248867.6850284871
2024-10-31,241078.44406628795
2024-11-01,239312.17982507613
2024-11-04,239244.37104511703
2024-11-05,239223.78557751898
2024-11-06,239033.89893236858
2024-11-07,236683.092591445
2024-11-08,239813.2434871042
2024-11-11,239317.25805628963
2024-11-12,239367.0537174442
2024-11-13,239239.65659231617
2024-11-14,239015.54368203288
2024-11-15,238840.75448747352
2024-11-18,238726.60345804936
2024-11-19,239110.12832040846
2024-11-20,242983.7858435815
2024-11-21,242178.69940597366
2024-11-22,243168.82604808387
2024-11-25,244183.2817488107
2024-11-26,245718.10683722753
2024-11-27,246397.3621795384
2024-11-29,246277.5902069961
2024-12-02,246189.4604676008
2024-12-03,247448.29122097202
2024-12-04,246531.60477651068
2024-12-05,247543.68565045434
2024-12-06,247918.15872344674
2024-12-09,249346.11612610996
2024-12-10,249106.97205661936
2024-12-11,249112.8527726017
2024-12-12,249400.94459014825
2024-12-13,249112.6862904835
2024-12-16,248790.99432044855
2024-12-17,249810.07167387282
2024-12-18,249897.71527864898
2024-12-19,248697.42002247262
2024-12-20,249113.11027510895
2024-12-23,249395.50937335432
2024-12-24,249221.65400488855
2024-12-26,248815.41409432064
2024-12-27,248519.8331263605
2024-12-30,247176.83874509306
2024-12-31,247326.492614755
2025-01-02,247145.0876931409
2025-01-03,247322.5622352966
2025-01-06,248451.11888570947
2025-01-07,251662.43683746853
2025-01-08,251523.01355128238
2025-01-10,251937.50327454152
2025-01-13,251712.24844171468
2025-01-14,251612.1169938017
2025-01-15,251354.37482698256
2025-01-16,251996.24693344804
2025-01-17,251020.5117577958
2025-01-21,251120.23806024028
2025-01-22,251310.95056017992
2025-01-23,252291.79206563422
2025-01-24,253125.43328661667
2025-01-27,252474.3572697757
2025-01-28,245285.6360508809
2025-01-29,246300.34639348637
2025-01-30,245405.04592803743
2025-01-31,245484.10231418806
2025-02-03,245015.71917098234
2025-02-04,244926.20799050288
2025-02-05,245706.51784619954
2025-02-06,246880.54341908285
2025-02-07,248662.90616935858
2025-02-10,249624.82679498865
2025-02-11,252270.1183414072
2025-02-12,251146.87907222725
2025-02-13,251915.72159493316
2025-02-14,253260.05269845415
2025-02-18,255491.051217251
2025-02-19,257809.730363066
2025-02-20,258615.72564606887
2025-02-21,258620.01418804642
2025-02-24,257817.92148263243
2025-02-25,257278.6061616492
2025-02-26,256631.24069885534
2025-02-27,256887.70378633888
2025-02-28,248941.70983803424
2025-03-03,249032.54917847685
2025-03-04,247394.19482022038
2025-03-05,247613.90295087124
2025-03-06,247688.1243693167
2025-03-07,247042.45253220064
2025-03-10,246932.32615761767
2025-03-11,245701.36186429707
2025-03-12,247083.1976748468
2025-03-13,247900.3209083794
2025-03-14,246823.79037118854
2025-03-17,248313.4424057023
2025-03-18,248566.61926610884
2025-03-19,246835.6112297504
2025-03-20,247195.0419099633
2025-03-21,246909.87476265882
2025-03-24,248204.829722909
2025-03-25,248435.91752759673
2025-03-26,248344.09592993508
2025-03-27,246177.00126441615
2025-03-28,246147.29981421918
2025-03-31,245231.3748040209
2025-04-01,245805.43686252876
2025-04-02,246083.77341696178
2025-04-03,245909.0547509932
2025-04-04,241217.68623429863
2025-04-07,239211.11598213002
2025-04-08,240441.94250790274
2025-04-09,240395.94526581015
2025-04-10,238869.6842141622
2025-04-11,240997.25823657963
2025-04-14,241072.03789369506
2025-04-15,241891.84544024247
2025-04-16,241896.32015822115
2025-04-17,241626.69991641797
2025-04-21,241235.08865020046
2025-04-22,241404.321016325
2025-04-23,240252.56866425177
2025-04-24,242363.87358094254
2025-04-25,245552.00182078982
2025-04-28,247155.2158447685
2025-04-29,247263.63218233356
2025-04-30,246929.27040927418
2025-05-01,247058.48590308148
2025-05-02,247772.0890045204
2025-05-05,248304.8215772617
2025-05-06,247303.89541546837
2025-05-07,247582.53616662062
2025-05-08,246629.52217484385
2025-05-09,247587.53815603137
2025-05-12,246769.86565748852
2025-05-13,249910.28551720787
2025-05-14,255494.6823964927
2025-05-15,259381.30515059287
2025-05-16,258735.70992020355
2025-05-19,259671.59685793074
2025-05-20,259796.6935183463
2025-05-21,259478.21406417573
2025-05-22,259307.10408350418
2025-05-23,258499.61730579758
2025-05-27,258453.81725446545
2025-05-28,258327.77284846007
2025-05-29,258389.62721928547
2025-05-30,258526.98244169354
2025-06-02,258390.49630518997
2025-06-03,258503.72400544095
2025-06-04,260670.4302970396
2025-06-05,260997.44756008557
2025-06-06,259744.28864708016
2025-06-09,260586.4611045238
2025-06-10,260993.81162592702
2025-06-11,261216.76362616319
2025-06-12,261458.85820714998
2025-06-13,261500.91357761083
2025-06-16,259859.0237284759
2025-06-17,260782.82728714682
2025-06-18,260217.68937990538
2025-06-20,260777.89474991243
2025-06-23,261186.7904043579
2025-06-24,259224.82853733219
2025-06-25,261404.3465389842
2025-06-26,263454.24603543273
2025-06-27,266585.1768333182
2025-06-30,265730.8805887005
2025-07-01,265891.16160273255
2025-07-02,265848.57271160325
2025-07-03,266190.73655441764
2025-07-07,267269.025338927
2025-07-08,265381.4926141169
2025-07-09,266975.6102938809
2025-07-10,267422.6415664478
2025-07-11,268672.5666543434
2025-07-14,268354.7247530386
2025-07-15,268523.8883917158
2025-07-16,268283.3672478659
2025-07-17,268301.01284035784
2025-07-18,268124.6065043818
2025-07-21,267954.95627489616
2025-07-22,268103.1741140982
2025-07-23,268057.9754525907
2025-07-24,268149.1380992089
2025-07-25,268254.6879847683
2025-07-28,269132.96110489377
2025-07-29,271475.6722241505
2025-07-30,270711.3588344472
2025-07-31,270715.71692475147
2025-08-01,269964.790169231
2025-08-04,269987.3554999094
2025-08-05,270534.6690059431
2025-08-06,270302.60159155703
2025-08-07,270238.2681402487
2025-08-08,271363.3187847771
2025-08-11,272098.4400209155
2025-08-12,271842.44777755195
2025-08-13,271727.1741208657
2025-08-14,271500.1480143225
2025-08-15,271171.8841893065
2025-08-18,270849.5254428114
2025-08-19,271026.3647346001
2025-08-20,268621.2308955126
2025-08-21,266815.031457932
2025-08-22,267268.66426106833
2025-08-25,268906.35835094634
2025-08-26,269125.2072904446
2025-08-27,269661.9131166122
2025-08-28,269948.9889557494
2025-08-29,270216.413231385
2025-09-02,269000.1341649791
2025-09-03,268964.8297084565
2025-09-04,269015.5513548564
2025-09-05,270230.9637285944
2025-09-08,269734.60857106606
2025-09-09,269872.1908827397
2025-09-10,270868.8189270954
2025-09-11,272363.83596783
2025-09-12,272340.87345320324
2025-09-15,273229.0922162661
2025-09-16,273501.80748132186
2025-09-17,272988.14559166174
2025-09-18,273066.6860464615
2025-09-19,273481.25603277
2025-09-22,273317.3436262993
2025-09-23,275023.5513963668
2025-09-24,273836.6078286661
2025-09-25,273177.9182773842
2025-09-26,273451.80920414295
2025-09-29,273234.10622873355
2025-09-30,274144.6065153494
2025-10-01,274272.7840599574
2025-10-02,274547.9768393331
2025-10-03,276736.0428951832
2025-10-06,276512.8256731796
2025-10-07,277745.98039800255
2025-10-08,277628.3623257414
2025-10-09,279525.6914782685
2025-10-10,279839.2723835707
2025-10-13,274085.4460928391
2025-10-14,274561.1919236888
2025-10-15,274730.4289314013
2025-10-16,275068.144845121
2025-10-17,274652.3506841842
2025-10-20,274318.82305014494
2025-10-21,275206.95894640824
2025-10-22,275304.69654632616
2025-10-23,275182.01453327027
2025-10-24,275528.94962316117
2025-10-27,276481.04772072716
2025-10-28,277817.53906988364
2025-10-29,277925.78248771315
2025-10-30,278548.9027191975
2025-10-31,277533.16051226103
2025-11-03,277939.45480010007
2025-11-04,277671.14909806993
2025-11-05,277186.55389208323
2025-11-06,277146.2371770679
2025-11-07,276438.1082756433
2025-11-10,276816.1480267475
2025-11-11,276637.038410403
2025-11-12,277091.9987482838
2025-11-13,276536.8086909334
2025-11-14,274261.8218519092
2025-11-17,275019.4020237607
2025-11-18,274857.0378036
2025-11-19,274895.72257058753
2025-11-20,275083.73303669906
2025-11-21,274847.9568495095
2025-11-24,275365.4592676197
2025-11-25,276173.8602758954
2025-11-26,276475.5868325082
2025-11-28,277303.49289049604
2025-12-01,278068.30817238346
2025-12-02,277752.47413782845
2025-12-03,277756.06592586264
2025-12-04,277860.2034491063
2025-12-05,278999.8786611045
2025-12-08,279116.15765222925
2025-12-09,280165.06970406347
2025-12-10,279939.39811262616
2025-12-11,278579.4232398183
2025-12-12,277998.4430227623
2025-12-15,276937.8909627843
2025-12-16,277066.3866383083
2025-12-17,277040.1700384405
2025-12-18,276242.0756314219
2025-12-19,276006.63086908835
2025-12-22,275891.5567400844
2025-12-23,275833.42635615007
2025-12-24,276724.6129216166
2025-12-26,276910.6611201187
2025-12-29,277247.46727238345
2025-12-30,277278.5947737407
2025-12-31,277256.0651068965
2026-01-02,277143.42280290666
2026-01-05,277432.2006176892
2026-01-06,277114.79077705415
2026-01-07,277332.29013168806
2026-01-08,277332.681089223
2026-01-09,276196.29057927034
2026-01-12,276605.4280443424
2026-01-13,276719.65776385216
2026-01-14,276564.0882109226
2026-01-15,276505.78067209024
2026-01-16,276726.9452191796
2026-01-20,277746.7499508347
2026-01-21,277029.1613825447
2026-01-22,276846.7169338071
2026-01-23,277607.9346417824
2026-01-26,276356.6948337779
2026-01-27,275358.65647003654
2026-01-28,276302.6730062244
2026-01-29,276448.24566302705
2026-01-30,275025.3371338954
2026-02-02,273631.4378028884
2026-02-03,274885.68308708543
2026-02-04,274502.84804335725
2026-02-05,278603.46763534774
2026-02-06,275813.2182495287
2026-02-09,279529.9312767742
2026-02-10,279914.75731479446
2026-02-11,279439.556467879
2026-02-12,279470.6361025128
2026-02-13,276157.0886194018
2026-02-17,275372.24937054905
2026-02-18,275283.8025924047
2026-02-19,276131.6019266381
2026-02-20,275570.40834048524
2026-02-23,275792.6012608171
2026-02-24,274590.9249841293
2026-02-24,275506.86958034727
